user000,user 000,123,user000@app.rails
user001,user 001,123,user001@app.rails
user002,user 002,123,user002@app.rails
user003,user 003,123,user003@app.rails
user004,user 004,123,user004@app.rails
user005,user 005,123,user005@app.rails
user006,user 006,123,user006@app.rails
user007,user 007,123,user007@app.rails
user008,user 008,123,user008@app.rails
user009,user 009,123,user009@app.rails
user010,user 010,123,user010@app.rails
user011,user 011,123,user011@app.rails
user012,user 012,123,user012@app.rails
user013,user 013,123,user013@app.rails
user014,user 014,123,user014@app.rails
user015,user 015,123,user015@app.rails
user016,user 016,123,user016@app.rails
user017,user 017,123,user017@app.rails
user018,user 018,123,user018@app.rails
user019,user 019,123,user019@app.rails
user020,user 020,123,user020@app.rails
user021,user 021,123,user021@app.rails
user022,user 022,123,user022@app.rails
user023,user 023,123,user023@app.rails
user024,user 024,123,user024@app.rails
user025,user 025,123,user025@app.rails
user026,user 026,123,user026@app.rails
user027,user 027,123,user027@app.rails
user028,user 028,123,user028@app.rails
user029,user 029,123,user029@app.rails
user030,user 030,123,user030@app.rails
user031,user 031,123,user031@app.rails
user032,user 032,123,user032@app.rails
user033,user 033,123,user033@app.rails
user034,user 034,123,user034@app.rails
user035,user 035,123,user035@app.rails
user036,user 036,123,user036@app.rails
user037,user 037,123,user037@app.rails
user038,user 038,123,user038@app.rails
user039,user 039,123,user039@app.rails
user040,user 040,123,user040@app.rails
user041,user 041,123,user041@app.rails
user042,user 042,123,user042@app.rails
user043,user 043,123,user043@app.rails
user044,user 044,123,user044@app.rails
user045,user 045,123,user045@app.rails
user046,user 046,123,user046@app.rails
user047,user 047,123,user047@app.rails
user048,user 048,123,user048@app.rails
user049,user 049,123,user049@app.rails
user050,user 050,123,user050@app.rails
user051,user 051,123,user051@app.rails
user052,user 052,123,user052@app.rails
user053,user 053,123,user053@app.rails
user054,user 054,123,user054@app.rails
user055,user 055,123,user055@app.rails
user056,user 056,123,user056@app.rails
user057,user 057,123,user057@app.rails
user058,user 058,123,user058@app.rails
user059,user 059,123,user059@app.rails
user060,user 060,123,user060@app.rails
user061,user 061,123,user061@app.rails
user062,user 062,123,user062@app.rails
user063,user 063,123,user063@app.rails
user064,user 064,123,user064@app.rails
user065,user 065,123,user065@app.rails
user066,user 066,123,user066@app.rails
user067,user 067,123,user067@app.rails
user068,user 068,123,user068@app.rails
user069,user 069,123,user069@app.rails
user070,user 070,123,user070@app.rails
user071,user 071,123,user071@app.rails
user072,user 072,123,user072@app.rails
user073,user 073,123,user073@app.rails
user074,user 074,123,user074@app.rails
user075,user 075,123,user075@app.rails
user076,user 076,123,user076@app.rails
user077,user 077,123,user077@app.rails
user078,user 078,123,user078@app.rails
user079,user 079,123,user079@app.rails
user080,user 080,123,user080@app.rails
user081,user 081,123,user081@app.rails
user082,user 082,123,user082@app.rails
user083,user 083,123,user083@app.rails
user084,user 084,123,user084@app.rails
user085,user 085,123,user085@app.rails
user086,user 086,123,user086@app.rails
user087,user 087,123,user087@app.rails
user088,user 088,123,user088@app.rails
user089,user 089,123,user089@app.rails
user090,user 090,123,user090@app.rails
user091,user 091,123,user091@app.rails
user092,user 092,123,user092@app.rails
user093,user 093,123,user093@app.rails
user094,user 094,123,user094@app.rails
user095,user 095,123,user095@app.rails
user096,user 096,123,user096@app.rails
user097,user 097,123,user097@app.rails
user098,user 098,123,user098@app.rails
user099,user 099,123,user099@app.rails
user100,user 100,123,user100@app.rails
user101,user 101,123,user101@app.rails
user102,user 102,123,user102@app.rails
user103,user 103,123,user103@app.rails
user104,user 104,123,user104@app.rails
user105,user 105,123,user105@app.rails
user106,user 106,123,user106@app.rails
user107,user 107,123,user107@app.rails
user108,user 108,123,user108@app.rails
user109,user 109,123,user109@app.rails
user110,user 110,123,user110@app.rails
user111,user 111,123,user111@app.rails
user112,user 112,123,user112@app.rails
user113,user 113,123,user113@app.rails
user114,user 114,123,user114@app.rails
user115,user 115,123,user115@app.rails
user116,user 116,123,user116@app.rails
user117,user 117,123,user117@app.rails
user118,user 118,123,user118@app.rails
user119,user 119,123,user119@app.rails
user120,user 120,123,user120@app.rails
user121,user 121,123,user121@app.rails
user122,user 122,123,user122@app.rails
user123,user 123,123,user123@app.rails
user124,user 124,123,user124@app.rails
user125,user 125,123,user125@app.rails
user126,user 126,123,user126@app.rails
user127,user 127,123,user127@app.rails
user128,user 128,123,user128@app.rails
user129,user 129,123,user129@app.rails
user130,user 130,123,user130@app.rails
user131,user 131,123,user131@app.rails
user132,user 132,123,user132@app.rails
user133,user 133,123,user133@app.rails
user134,user 134,123,user134@app.rails
user135,user 135,123,user135@app.rails
user136,user 136,123,user136@app.rails
user137,user 137,123,user137@app.rails
user138,user 138,123,user138@app.rails
user139,user 139,123,user139@app.rails
user140,user 140,123,user140@app.rails
user141,user 141,123,user141@app.rails
user142,user 142,123,user142@app.rails
user143,user 143,123,user143@app.rails
user144,user 144,123,user144@app.rails
user145,user 145,123,user145@app.rails
user146,user 146,123,user146@app.rails
user147,user 147,123,user147@app.rails
user148,user 148,123,user148@app.rails
user149,user 149,123,user149@app.rails
user150,user 150,123,user150@app.rails
user151,user 151,123,user151@app.rails
user152,user 152,123,user152@app.rails
user153,user 153,123,user153@app.rails
user154,user 154,123,user154@app.rails
user155,user 155,123,user155@app.rails
user156,user 156,123,user156@app.rails
user157,user 157,123,user157@app.rails
user158,user 158,123,user158@app.rails
user159,user 159,123,user159@app.rails
user160,user 160,123,user160@app.rails
user161,user 161,123,user161@app.rails
user162,user 162,123,user162@app.rails
user163,user 163,123,user163@app.rails
user164,user 164,123,user164@app.rails
user165,user 165,123,user165@app.rails
user166,user 166,123,user166@app.rails
user167,user 167,123,user167@app.rails
user168,user 168,123,user168@app.rails
user169,user 169,123,user169@app.rails
user170,user 170,123,user170@app.rails
user171,user 171,123,user171@app.rails
user172,user 172,123,user172@app.rails
user173,user 173,123,user173@app.rails
user174,user 174,123,user174@app.rails
user175,user 175,123,user175@app.rails
user176,user 176,123,user176@app.rails
user177,user 177,123,user177@app.rails
user178,user 178,123,user178@app.rails
user179,user 179,123,user179@app.rails
user180,user 180,123,user180@app.rails
user181,user 181,123,user181@app.rails
user182,user 182,123,user182@app.rails
user183,user 183,123,user183@app.rails
user184,user 184,123,user184@app.rails
user185,user 185,123,user185@app.rails
user186,user 186,123,user186@app.rails
user187,user 187,123,user187@app.rails
user188,user 188,123,user188@app.rails
user189,user 189,123,user189@app.rails
user190,user 190,123,user190@app.rails
user191,user 191,123,user191@app.rails
user192,user 192,123,user192@app.rails
user193,user 193,123,user193@app.rails
user194,user 194,123,user194@app.rails
user195,user 195,123,user195@app.rails
user196,user 196,123,user196@app.rails
user197,user 197,123,user197@app.rails
user198,user 198,123,user198@app.rails
user199,user 199,123,user199@app.rails
user200,user 200,123,user200@app.rails
user201,user 201,123,user201@app.rails
user202,user 202,123,user202@app.rails
user203,user 203,123,user203@app.rails
user204,user 204,123,user204@app.rails
user205,user 205,123,user205@app.rails
user206,user 206,123,user206@app.rails
user207,user 207,123,user207@app.rails
user208,user 208,123,user208@app.rails
user209,user 209,123,user209@app.rails
user210,user 210,123,user210@app.rails
user211,user 211,123,user211@app.rails
user212,user 212,123,user212@app.rails
user213,user 213,123,user213@app.rails
user214,user 214,123,user214@app.rails
user215,user 215,123,user215@app.rails
user216,user 216,123,user216@app.rails
user217,user 217,123,user217@app.rails
user218,user 218,123,user218@app.rails
user219,user 219,123,user219@app.rails
user220,user 220,123,user220@app.rails
user221,user 221,123,user221@app.rails
user222,user 222,123,user222@app.rails
user223,user 223,123,user223@app.rails
user224,user 224,123,user224@app.rails
user225,user 225,123,user225@app.rails
user226,user 226,123,user226@app.rails
user227,user 227,123,user227@app.rails
user228,user 228,123,user228@app.rails
user229,user 229,123,user229@app.rails
user230,user 230,123,user230@app.rails
user231,user 231,123,user231@app.rails
user232,user 232,123,user232@app.rails
user233,user 233,123,user233@app.rails
user234,user 234,123,user234@app.rails
user235,user 235,123,user235@app.rails
user236,user 236,123,user236@app.rails
user237,user 237,123,user237@app.rails
user238,user 238,123,user238@app.rails
user239,user 239,123,user239@app.rails
user240,user 240,123,user240@app.rails
user241,user 241,123,user241@app.rails
user242,user 242,123,user242@app.rails
user243,user 243,123,user243@app.rails
user244,user 244,123,user244@app.rails
user245,user 245,123,user245@app.rails
user246,user 246,123,user246@app.rails
user247,user 247,123,user247@app.rails
user248,user 248,123,user248@app.rails
user249,user 249,123,user249@app.rails
user250,user 250,123,user250@app.rails
user251,user 251,123,user251@app.rails
user252,user 252,123,user252@app.rails
user253,user 253,123,user253@app.rails
user254,user 254,123,user254@app.rails
user255,user 255,123,user255@app.rails
user256,user 256,123,user256@app.rails
user257,user 257,123,user257@app.rails
user258,user 258,123,user258@app.rails
user259,user 259,123,user259@app.rails
user260,user 260,123,user260@app.rails
user261,user 261,123,user261@app.rails
user262,user 262,123,user262@app.rails
user263,user 263,123,user263@app.rails
user264,user 264,123,user264@app.rails
user265,user 265,123,user265@app.rails
user266,user 266,123,user266@app.rails
user267,user 267,123,user267@app.rails
user268,user 268,123,user268@app.rails
user269,user 269,123,user269@app.rails
user270,user 270,123,user270@app.rails
user271,user 271,123,user271@app.rails
user272,user 272,123,user272@app.rails
user273,user 273,123,user273@app.rails
user274,user 274,123,user274@app.rails
user275,user 275,123,user275@app.rails
user276,user 276,123,user276@app.rails
user277,user 277,123,user277@app.rails
user278,user 278,123,user278@app.rails
user279,user 279,123,user279@app.rails
user280,user 280,123,user280@app.rails
user281,user 281,123,user281@app.rails
user282,user 282,123,user282@app.rails
user283,user 283,123,user283@app.rails
user284,user 284,123,user284@app.rails
user285,user 285,123,user285@app.rails
user286,user 286,123,user286@app.rails
user287,user 287,123,user287@app.rails
user288,user 288,123,user288@app.rails
user289,user 289,123,user289@app.rails
user290,user 290,123,user290@app.rails
user291,user 291,123,user291@app.rails
user292,user 292,123,user292@app.rails
user293,user 293,123,user293@app.rails
user294,user 294,123,user294@app.rails
user295,user 295,123,user295@app.rails
user296,user 296,123,user296@app.rails
user297,user 297,123,user297@app.rails
user298,user 298,123,user298@app.rails
user299,user 299,123,user299@app.rails
user300,user 300,123,user300@app.rails
user301,user 301,123,user301@app.rails
user302,user 302,123,user302@app.rails
user303,user 303,123,user303@app.rails
user304,user 304,123,user304@app.rails
user305,user 305,123,user305@app.rails
user306,user 306,123,user306@app.rails
user307,user 307,123,user307@app.rails
user308,user 308,123,user308@app.rails
user309,user 309,123,user309@app.rails
user310,user 310,123,user310@app.rails
user311,user 311,123,user311@app.rails
user312,user 312,123,user312@app.rails
user313,user 313,123,user313@app.rails
user314,user 314,123,user314@app.rails
user315,user 315,123,user315@app.rails
user316,user 316,123,user316@app.rails
user317,user 317,123,user317@app.rails
user318,user 318,123,user318@app.rails
user319,user 319,123,user319@app.rails
user320,user 320,123,user320@app.rails
user321,user 321,123,user321@app.rails
user322,user 322,123,user322@app.rails
user323,user 323,123,user323@app.rails
user324,user 324,123,user324@app.rails
user325,user 325,123,user325@app.rails
user326,user 326,123,user326@app.rails
user327,user 327,123,user327@app.rails
user328,user 328,123,user328@app.rails
user329,user 329,123,user329@app.rails
user330,user 330,123,user330@app.rails
user331,user 331,123,user331@app.rails
user332,user 332,123,user332@app.rails
user333,user 333,123,user333@app.rails
user334,user 334,123,user334@app.rails
user335,user 335,123,user335@app.rails
user336,user 336,123,user336@app.rails
user337,user 337,123,user337@app.rails
user338,user 338,123,user338@app.rails
user339,user 339,123,user339@app.rails
user340,user 340,123,user340@app.rails
user341,user 341,123,user341@app.rails
user342,user 342,123,user342@app.rails
user343,user 343,123,user343@app.rails
user344,user 344,123,user344@app.rails
user345,user 345,123,user345@app.rails
user346,user 346,123,user346@app.rails
user347,user 347,123,user347@app.rails
user348,user 348,123,user348@app.rails
user349,user 349,123,user349@app.rails
user350,user 350,123,user350@app.rails
user351,user 351,123,user351@app.rails
user352,user 352,123,user352@app.rails
user353,user 353,123,user353@app.rails
user354,user 354,123,user354@app.rails
user355,user 355,123,user355@app.rails
user356,user 356,123,user356@app.rails
user357,user 357,123,user357@app.rails
user358,user 358,123,user358@app.rails
user359,user 359,123,user359@app.rails
user360,user 360,123,user360@app.rails
user361,user 361,123,user361@app.rails
user362,user 362,123,user362@app.rails
user363,user 363,123,user363@app.rails
user364,user 364,123,user364@app.rails
user365,user 365,123,user365@app.rails
user366,user 366,123,user366@app.rails
user367,user 367,123,user367@app.rails
user368,user 368,123,user368@app.rails
user369,user 369,123,user369@app.rails
user370,user 370,123,user370@app.rails
user371,user 371,123,user371@app.rails
user372,user 372,123,user372@app.rails
user373,user 373,123,user373@app.rails
user374,user 374,123,user374@app.rails
user375,user 375,123,user375@app.rails
user376,user 376,123,user376@app.rails
user377,user 377,123,user377@app.rails
user378,user 378,123,user378@app.rails
user379,user 379,123,user379@app.rails
user380,user 380,123,user380@app.rails
user381,user 381,123,user381@app.rails
user382,user 382,123,user382@app.rails
user383,user 383,123,user383@app.rails
user384,user 384,123,user384@app.rails
user385,user 385,123,user385@app.rails
user386,user 386,123,user386@app.rails
user387,user 387,123,user387@app.rails
user388,user 388,123,user388@app.rails
user389,user 389,123,user389@app.rails
user390,user 390,123,user390@app.rails
user391,user 391,123,user391@app.rails
user392,user 392,123,user392@app.rails
user393,user 393,123,user393@app.rails
user394,user 394,123,user394@app.rails
user395,user 395,123,user395@app.rails
user396,user 396,123,user396@app.rails
user397,user 397,123,user397@app.rails
user398,user 398,123,user398@app.rails
user399,user 399,123,user399@app.rails
user400,user 400,123,user400@app.rails
user401,user 401,123,user401@app.rails
user402,user 402,123,user402@app.rails
user403,user 403,123,user403@app.rails
user404,user 404,123,user404@app.rails
user405,user 405,123,user405@app.rails
user406,user 406,123,user406@app.rails
user407,user 407,123,user407@app.rails
user408,user 408,123,user408@app.rails
user409,user 409,123,user409@app.rails
user410,user 410,123,user410@app.rails
user411,user 411,123,user411@app.rails
user412,user 412,123,user412@app.rails
user413,user 413,123,user413@app.rails
user414,user 414,123,user414@app.rails
user415,user 415,123,user415@app.rails
user416,user 416,123,user416@app.rails
user417,user 417,123,user417@app.rails
user418,user 418,123,user418@app.rails
user419,user 419,123,user419@app.rails
user420,user 420,123,user420@app.rails
user421,user 421,123,user421@app.rails
user422,user 422,123,user422@app.rails
user423,user 423,123,user423@app.rails
user424,user 424,123,user424@app.rails
user425,user 425,123,user425@app.rails
user426,user 426,123,user426@app.rails
user427,user 427,123,user427@app.rails
user428,user 428,123,user428@app.rails
user429,user 429,123,user429@app.rails
user430,user 430,123,user430@app.rails
user431,user 431,123,user431@app.rails
user432,user 432,123,user432@app.rails
user433,user 433,123,user433@app.rails
user434,user 434,123,user434@app.rails
user435,user 435,123,user435@app.rails
user436,user 436,123,user436@app.rails
user437,user 437,123,user437@app.rails
user438,user 438,123,user438@app.rails
user439,user 439,123,user439@app.rails
user440,user 440,123,user440@app.rails
user441,user 441,123,user441@app.rails
user442,user 442,123,user442@app.rails
user443,user 443,123,user443@app.rails
user444,user 444,123,user444@app.rails
user445,user 445,123,user445@app.rails
user446,user 446,123,user446@app.rails
user447,user 447,123,user447@app.rails
user448,user 448,123,user448@app.rails
user449,user 449,123,user449@app.rails
user450,user 450,123,user450@app.rails
user451,user 451,123,user451@app.rails
user452,user 452,123,user452@app.rails
user453,user 453,123,user453@app.rails
user454,user 454,123,user454@app.rails
user455,user 455,123,user455@app.rails
user456,user 456,123,user456@app.rails
user457,user 457,123,user457@app.rails
user458,user 458,123,user458@app.rails
user459,user 459,123,user459@app.rails
user460,user 460,123,user460@app.rails
user461,user 461,123,user461@app.rails
user462,user 462,123,user462@app.rails
user463,user 463,123,user463@app.rails
user464,user 464,123,user464@app.rails
user465,user 465,123,user465@app.rails
user466,user 466,123,user466@app.rails
user467,user 467,123,user467@app.rails
user468,user 468,123,user468@app.rails
user469,user 469,123,user469@app.rails
user470,user 470,123,user470@app.rails
user471,user 471,123,user471@app.rails
user472,user 472,123,user472@app.rails
user473,user 473,123,user473@app.rails
user474,user 474,123,user474@app.rails
user475,user 475,123,user475@app.rails
user476,user 476,123,user476@app.rails
user477,user 477,123,user477@app.rails
user478,user 478,123,user478@app.rails
user479,user 479,123,user479@app.rails
user480,user 480,123,user480@app.rails
user481,user 481,123,user481@app.rails
user482,user 482,123,user482@app.rails
user483,user 483,123,user483@app.rails
user484,user 484,123,user484@app.rails
user485,user 485,123,user485@app.rails
user486,user 486,123,user486@app.rails
user487,user 487,123,user487@app.rails
user488,user 488,123,user488@app.rails
user489,user 489,123,user489@app.rails
user490,user 490,123,user490@app.rails
user491,user 491,123,user491@app.rails
user492,user 492,123,user492@app.rails
user493,user 493,123,user493@app.rails
user494,user 494,123,user494@app.rails
user495,user 495,123,user495@app.rails
user496,user 496,123,user496@app.rails
user497,user 497,123,user497@app.rails
user498,user 498,123,user498@app.rails
user499,user 499,123,user499@app.rails
